scheme,fold,source_flaw,flaw_size,n_flaw,TP,FN,recall
ordinary,0,P41_01,2.0,81,81,0,1.0
ordinary,0,P41_02,3.0,86,86,0,1.0
ordinary,0,P41_03,26.0,97,97,0,1.0
ordinary,0,P41_04,6.0,76,76,0,1.0
ordinary,0,P41_05,17.0,91,91,0,1.0
ordinary,0,P41_06_notch,6.0,86,86,0,1.0
source_holdout,1,P41_01,2.0,547,0,547,0.0
source_holdout,2,P41_02,3.0,543,0,543,0.0
source_holdout,3,P41_03,26.0,621,621,0,1.0
source_holdout,4,P41_04,6.0,558,558,0,1.0
source_holdout,5,P41_05,17.0,574,574,0,1.0
source_holdout,6,P41_06_notch,6.0,599,599,0,1.0
