sample_id,batch,true_label,source,raw_sha256,raw_equals_reference,peak_scan,peak_time,peak_value,exact_peak_ties,score_w1,w1_scan_start,w1_scan_center,score_w3,w3_scan_start,w3_scan_center,score_w5,w5_scan_start,w5_scan_center,score_w7,w7_scan_start,w7_scan_center,roi_differs_from_reference,diff_scan_start,diff_scan_end,diff_time_start,diff_time_end,peak_in_difference_bbox,peak_pixel_differs,metadata_scan,metadata_time,peak_minus_metadata_scan,peak_minus_metadata_time,difference_origin_matches_metadata
batch_014:795,batch_014,1,P41_01,3c6ae7d4bd615e3d7a1eb276664d9e0fb633c38cd7db75f8047a7791d020221f,False,21,2119,4748.003921641818,1,4748.003921641818,21,21.0,4574.607403187936,20,21.0,4343.053132933409,20,22.0,4169.807039937708,18,21.0,True,7.0,44.0,1681.0,2118.0,False,False,7.052751,1681.461469,13.947249,437.5385309999999,True
batch_015:892,batch_015,1,P41_01,7d2496fbb08a9c10b1d404301ffbfe703f1af1334a5f9dd6530f4efe344a1de4,False,21,2119,4713.017578772923,1,4713.017578772923,21,21.0,4665.316721082616,20,21.0,4621.3266447307215,20,22.0,4421.716158786092,19,22.0,True,9.0,46.0,1681.0,2118.0,False,False,9.210628,1681.461469,11.789372,437.5385309999999,True
batch_015:914,batch_015,1,P41_01,21ba0b9a2011d14e1c82fa30817ccec0ddd1cbc979812f559e73f889bee118eb,False,23,2119,4696.854466287581,1,4696.854466287581,23,23.0,4665.43533653005,22,23.0,4598.335018972921,21,23.0,4444.558430340233,19,22.0,True,12.0,49.0,1681.0,2118.0,False,False,12.452256,1681.461469,10.547744,437.5385309999999,True
batch_015:964,batch_015,1,P41_01,7d2496fbb08a9c10b1d404301ffbfe703f1af1334a5f9dd6530f4efe344a1de4,False,21,2119,4713.017578772923,1,4713.017578772923,21,21.0,4665.316721082616,20,21.0,4621.3266447307215,20,22.0,4421.716158786092,19,22.0,True,9.0,46.0,1681.0,2118.0,False,False,9.47824,1681.461469,11.52176,437.5385309999999,True
batch_016:513,batch_016,1,P41_01,46ce307be5c917e47a5391f167734ac584bef617449c67612828b505cd4951dc,False,21,2119,4774.262103112716,1,4774.262103112716,21,21.0,4611.0560420147685,20,21.0,4490.397293686335,20,22.0,4304.524546485918,19,22.0,True,8.0,45.0,1681.0,2118.0,False,False,8.35229,1681.461469,12.64771,437.5385309999999,True
batch_018:13,batch_018,1,P41_01,96b320a644943b7dbb8610c45177710b39b66f3a3bc3d8733d96f4abc7ee3ec9,False,24,2119,4758.453545904469,1,4758.453545904469,24,24.0,4560.334266186314,23,24.0,4528.14233969016,21,23.0,4353.962550089595,20,23.0,True,14.0,51.0,1681.0,2118.0,False,False,14.682625,1681.461469,9.317375,437.5385309999999,True
batch_019:708,batch_019,1,P41_01,8239804ad983e3c103555321e16630723deca3379eac4e293f1c5b3b1b44b52f,False,21,2119,4909.091702421269,1,4909.091702421269,21,21.0,4670.799216107936,21,22.0,4657.905279418829,20,22.0,4475.743443835235,19,22.0,True,10.0,47.0,1681.0,2118.0,False,False,10.104117,1681.461469,10.895883,437.5385309999999,True
batch_019:837,batch_019,1,P41_01,96b320a644943b7dbb8610c45177710b39b66f3a3bc3d8733d96f4abc7ee3ec9,False,24,2119,4758.453545904469,1,4758.453545904469,24,24.0,4560.334266186314,23,24.0,4528.14233969016,21,23.0,4353.962550089595,20,23.0,True,14.0,51.0,1681.0,2118.0,False,False,14.731418,1681.461469,9.268582,437.5385309999999,True
batch_019:905,batch_019,1,P41_01,dfb1210401fcb535b42f59c98d6909d32eb382dd51a9b115aebf71d7d1c84f8c,False,24,2119,4880.446690434245,1,4880.446690434245,24,24.0,4637.4919338163445,22,23.0,4562.594556875176,20,22.0,4399.307582433223,20,23.0,True,13.0,50.0,1681.0,2118.0,False,False,13.895434,1681.461469,10.104566,437.5385309999999,True
