source,window,minimum,median,maximum,mean,std_population,unique_6dp
no_flaw,1,3151.3720230168533,3151.3720230168533,3151.3720230168533,3151.372023016854,9.094947017729282e-13,1
no_flaw,3,3036.0556093472787,3036.0556093472787,3036.0556093472787,3036.055609347278,9.094947017729282e-13,1
no_flaw,5,2938.121381017826,2938.121381017826,2938.121381017826,2938.121381017826,0.0,1
no_flaw,7,2940.2705356159126,2940.2705356159126,2940.2705356159126,2940.2705356159126,0.0,1
P41_01,1,4583.179836810362,4630.784417712745,4909.091702421269,4633.800662699445,31.95644060140666,300
P41_01,3,4392.036170266941,4432.205740069279,4670.7992161079355,4436.055567771876,32.33916316861542,302
P41_01,5,4091.272814548104,4121.8086213767965,4657.905279418829,4132.168708963859,62.23591826708842,304
P41_01,7,3892.6063400329203,3912.2232771803165,4475.743443835235,3924.6188199574294,66.63612580032314,306
P41_02,1,6325.291403242178,6343.453137767791,6364.878167895227,6343.18427057804,7.6362869249268694,308
P41_02,3,6125.266940234342,6143.621969049091,6162.8038686625105,6143.518193728317,7.7688503955094435,310
P41_02,5,5751.437250893223,5768.356805154068,5786.9310605512,5768.16129488572,6.89732956658661,311
P41_02,7,5332.032079278735,5345.806006880573,5360.7675006714,5346.0802697433455,6.0311852571968005,311
P41_04,1,13938.366294079275,13964.386867478384,13981.376161392904,13963.94418700039,7.3307390988029795,302
P41_04,3,13360.82073758873,13383.542195886763,13400.07339156144,13383.462668624,6.783290430203105,302
P41_04,5,12400.938864698874,12423.68800852907,12440.620079107448,12423.727533143403,6.9866638752314225,303
P41_04,7,11288.275896182591,11310.276636345205,11325.775540379023,11309.96994999117,6.602228231043806,304
P41_06_notch,1,7392.840321655627,7414.89961305291,7460.016833099793,7417.805296133014,14.210300455334536,321
P41_06_notch,3,7215.192393640099,7235.379996399405,7271.363766761391,7236.9926779511725,11.164438227658255,323
P41_06_notch,5,7048.571357165785,7071.075469143642,7105.846986257375,7071.605298332173,11.961872427073256,326
P41_06_notch,7,6777.707586100968,6800.733448639862,6835.642165437313,6801.894634761665,12.026936766371156,326
P41_05,1,10232.792205348078,10251.313261491563,10274.19798484375,10251.543292381943,7.285621367281815,300
P41_05,3,10035.902948454095,10050.689107487888,10075.03119681378,10051.250183085018,7.232852828880863,302
P41_05,5,9801.406652979833,9817.999624016484,9845.196146990675,9818.112436064052,7.689324761464804,304
P41_05,7,9469.105846779446,9485.72671587706,9506.764986891376,9485.635586049732,6.62858405608418,305
P41_03,1,14978.067377548334,15000.702803921939,15029.970962031372,15000.932688413995,9.274677279314842,319
P41_03,3,14165.626352533776,14180.52125346215,14200.370930222345,14180.414071216934,6.926063269158065,321
P41_03,5,13225.405060957077,13239.37019918377,13261.367451738937,13239.574513787029,7.2569653765900695,323
P41_03,7,11905.074384409883,11917.93682009057,11935.998673744678,11918.264615993798,6.831101334988349,324
