batch,sample_id,metadata_row,image_index,category,matched_category_sample,shape,dtype,byte_order,decode_status,minimum,maximum,mean,std,negative_fraction,nan_count,inf_count,crop_std,images_per_batch,decompressed_bytes,stream_verified_to_eof
batch_013,batch_013:1,1,0,P41_01,True,480x7168,int16,little,data-supported; serialization not explicitly documented,-6778,7051,-67.92277773902529,629.5550185985893,0.5907011486235119,0,0,488.0721482732675,1000,6881280000,True
batch_013,batch_013:2,2,1,P41_06_notch,True,480x7168,int16,little,data-supported; serialization not explicitly documented,-7447,7051,-67.93396548316592,632.4639187310557,0.5907877604166667,0,0,501.3697180170556,1000,6881280000,True
batch_013,batch_013:4,4,3,no_flaw,True,480x7168,int16,little,data-supported; serialization not explicitly documented,-6778,7051,-68.05917619977679,626.6230766647254,0.5908406575520834,0,0,474.3566147148946,1000,6881280000,True
batch_013,batch_013:5,5,4,P41_04,True,480x7168,int16,little,data-supported; serialization not explicitly documented,-13739,11587,-67.84719819568453,645.073261087002,0.5904959542410714,0,0,555.9729071350688,1000,6881280000,True
batch_013,batch_013:17,17,16,P41_03,True,480x7168,int16,little,data-supported; serialization not explicitly documented,-14935,14144,-68.32091558547248,671.7100852137308,0.590606689453125,0,0,659.4034302051521,1000,6881280000,True
batch_013,batch_013:23,23,22,P41_02,True,480x7168,int16,little,data-supported; serialization not explicitly documented,-6778,7051,-67.96423427036831,629.8191718315614,0.5907241094680059,0,0,489.29201666181245,1000,6881280000,True
batch_013,batch_013:51,51,50,P41_05,True,480x7168,int16,little,data-supported; serialization not explicitly documented,-10203,8673,-68.19202008928572,651.0496864807466,0.5907642182849703,0,0,580.4028695424777,1000,6881280000,True
batch_013,batch_013:250,250,249,no_flaw,False,480x7168,int16,little,data-supported; serialization not explicitly documented,-6778,7051,-68.05917619977679,626.6230766647254,0.5908406575520834,0,0,474.3566147148946,1000,6881280000,True
batch_013,batch_013:500,500,499,no_flaw,False,480x7168,int16,little,data-supported; serialization not explicitly documented,-6778,7051,-68.05917619977679,626.6230766647254,0.5908406575520834,0,0,474.3566147148946,1000,6881280000,True
batch_013,batch_013:750,750,749,no_flaw,False,480x7168,int16,little,data-supported; serialization not explicitly documented,-6778,7051,-68.05917619977679,626.6230766647254,0.5908406575520834,0,0,474.3566147148946,1000,6881280000,True
batch_013,batch_013:1000,1000,999,P41_05,False,480x7168,int16,little,data-supported; serialization not explicitly documented,-10203,8673,-68.22345116024925,651.2076409952621,0.5907781691778273,0,0,581.0374663410222,1000,6881280000,True
batch_014,batch_014:1,1,0,no_flaw,True,480x7168,int16,little,data-supported; serialization not explicitly documented,-6778,7051,-68.05917619977679,626.6230766647254,0.5908406575520834,0,0,474.3566147148946,1000,6881280000,True
batch_014,batch_014:2,2,1,P41_06_notch,True,480x7168,int16,little,data-supported; serialization not explicitly documented,-7447,7051,-68.00278610956101,632.0374271904811,0.5907807849702381,0,0,499.43835640196005,1000,6881280000,True
batch_014,batch_014:3,3,2,P41_01,True,480x7168,int16,little,data-supported; serialization not explicitly documented,-6778,7051,-67.9522452218192,629.452678159988,0.5907037644159226,0,0,487.5988288562798,1000,6881280000,True
batch_014,batch_014:5,5,4,P41_04,True,480x7168,int16,little,data-supported; serialization not explicitly documented,-13739,11587,-67.80648832775297,644.6126633617708,0.590562511625744,0,0,554.054889002647,1000,6881280000,True
batch_014,batch_014:6,6,5,P41_02,True,480x7168,int16,little,data-supported; serialization not explicitly documented,-6778,7051,-67.93810424804687,629.6212038818337,0.5906895228794643,0,0,488.37803277908364,1000,6881280000,True
batch_014,batch_014:9,9,8,P41_03,True,480x7168,int16,little,data-supported; serialization not explicitly documented,-14935,14144,-68.2380388532366,672.0164703186199,0.5906694684709821,0,0,660.5217450109776,1000,6881280000,True
batch_014,batch_014:10,10,9,P41_05,True,480x7168,int16,little,data-supported; serialization not explicitly documented,-10203,8673,-68.33393729073661,650.9622310283262,0.5907206217447917,0,0,580.0503947512643,1000,6881280000,True
batch_014,batch_014:250,250,249,no_flaw,False,480x7168,int16,little,data-supported; serialization not explicitly documented,-6778,7051,-68.05917619977679,626.6230766647254,0.5908406575520834,0,0,474.3566147148946,1000,6881280000,True
batch_014,batch_014:500,500,499,no_flaw,False,480x7168,int16,little,data-supported; serialization not explicitly documented,-6778,7051,-68.05917619977679,626.6230766647254,0.5908406575520834,0,0,474.3566147148946,1000,6881280000,True
batch_014,batch_014:750,750,749,no_flaw,False,480x7168,int16,little,data-supported; serialization not explicitly documented,-6778,7051,-68.05917619977679,626.6230766647254,0.5908406575520834,0,0,474.3566147148946,1000,6881280000,True
batch_014,batch_014:1000,1000,999,P41_05,False,480x7168,int16,little,data-supported; serialization not explicitly documented,-10203,8673,-68.19548485165551,651.7319329083718,0.5906401134672619,0,0,583.1406321496443,1000,6881280000,True
batch_015,batch_015:1,1,0,no_flaw,True,480x7168,int16,little,data-supported; serialization not explicitly documented,-6778,7051,-68.05917619977679,626.6230766647254,0.5908406575520834,0,0,474.3566147148946,1000,6881280000,True
batch_015,batch_015:3,3,2,P41_04,True,480x7168,int16,little,data-supported; serialization not explicitly documented,-13739,11587,-68.03067626953126,645.1200948418915,0.590586925688244,0,0,556.1675443455676,1000,6881280000,True
batch_015,batch_015:4,4,3,P41_05,True,480x7168,int16,little,data-supported; serialization not explicitly documented,-10203,8673,-68.32734375,650.9764813865041,0.5907075427827381,0,0,580.1077538612498,1000,6881280000,True
batch_015,batch_015:5,5,4,P41_06_notch,True,480x7168,int16,little,data-supported; serialization not explicitly documented,-7447,7051,-67.77176223028273,632.278209918147,0.5906412760416667,0,0,500.5293542839464,1000,6881280000,True
batch_015,batch_015:9,9,8,P41_01,True,480x7168,int16,little,data-supported; serialization not explicitly documented,-6778,7051,-68.09840959821429,629.3985396825047,0.5908040364583333,0,0,487.3479745205567,1000,6881280000,True
batch_015,batch_015:10,10,9,P41_03,True,480x7168,int16,little,data-supported; serialization not explicitly documented,-14935,14144,-68.17776460193453,672.0682981291217,0.5904788062686012,0,0,660.710960230927,1000,6881280000,True
batch_015,batch_015:35,35,34,P41_02,True,480x7168,int16,little,data-supported; serialization not explicitly documented,-6778,7051,-68.03643595377604,629.2675176017236,0.5909188406808036,0,0,486.74138970296923,1000,6881280000,True
batch_015,batch_015:250,250,249,no_flaw,False,480x7168,int16,little,data-supported; serialization not explicitly documented,-6778,7051,-68.05917619977679,626.6230766647254,0.5908406575520834,0,0,474.3566147148946,1000,6881280000,True
batch_015,batch_015:500,500,499,no_flaw,False,480x7168,int16,little,data-supported; serialization not explicitly documented,-6778,7051,-68.05917619977679,626.6230766647254,0.5908406575520834,0,0,474.3566147148946,1000,6881280000,True
batch_015,batch_015:750,750,749,no_flaw,False,480x7168,int16,little,data-supported; serialization not explicitly documented,-6778,7051,-68.05917619977679,626.6230766647254,0.5908406575520834,0,0,474.3566147148946,1000,6881280000,True
batch_015,batch_015:1000,1000,999,no_flaw,False,480x7168,int16,little,data-supported; serialization not explicitly documented,-6778,7051,-68.05917619977679,626.6230766647254,0.5908406575520834,0,0,474.3566147148946,1000,6881280000,True
batch_016,batch_016:1,1,0,no_flaw,True,480x7168,int16,little,data-supported; serialization not explicitly documented,-6778,7051,-68.05917619977679,626.6230766647254,0.5908406575520834,0,0,474.3566147148946,1000,6881280000,True
batch_016,batch_016:3,3,2,P41_01,True,480x7168,int16,little,data-supported; serialization not explicitly documented,-6778,7051,-67.92301054454985,629.7181526207518,0.5906502859933036,0,0,488.82582179245367,1000,6881280000,True
batch_016,batch_016:5,5,4,P41_03,True,480x7168,int16,little,data-supported; serialization not explicitly documented,-14935,14144,-68.30591430664063,671.385384680525,0.590617443266369,0,0,658.217289155648,1000,6881280000,True
batch_016,batch_016:8,8,7,P41_04,True,480x7168,int16,little,data-supported; serialization not explicitly documented,-13739,11587,-67.96006411597843,644.6848640173864,0.5906584240141369,0,0,554.3559545114654,1000,6881280000,True
batch_016,batch_016:18,18,17,P41_06_notch,True,480x7168,int16,little,data-supported; serialization not explicitly documented,-7447,7051,-67.90596226283482,632.0739042193319,0.5908206031436012,0,0,499.60385615157935,1000,6881280000,True
batch_016,batch_016:20,20,19,P41_02,True,480x7168,int16,little,data-supported; serialization not explicitly documented,-6778,7051,-68.06231834774925,629.7424182133825,0.5908243815104167,0,0,488.9376276662504,1000,6881280000,True
batch_016,batch_016:66,66,65,P41_05,True,480x7168,int16,little,data-supported; serialization not explicitly documented,-10203,8673,-68.15635782877604,651.7154616283483,0.5905511765252976,0,0,583.0748176505069,1000,6881280000,True
batch_016,batch_016:250,250,249,P41_02,False,480x7168,int16,little,data-supported; serialization not explicitly documented,-6778,7051,-68.030714343843,629.560224278638,0.590782238188244,0,0,488.09607689533044,1000,6881280000,True
batch_016,batch_016:500,500,499,P41_02,False,480x7168,int16,little,data-supported; serialization not explicitly documented,-6778,7051,-68.13248726981027,629.0626810783285,0.5909313383556548,0,0,485.79119714076535,1000,6881280000,True
batch_016,batch_016:750,750,749,no_flaw,False,480x7168,int16,little,data-supported; serialization not explicitly documented,-6778,7051,-68.05917619977679,626.6230766647254,0.5908406575520834,0,0,474.3566147148946,1000,6881280000,True
batch_016,batch_016:1000,1000,999,no_flaw,False,480x7168,int16,little,data-supported; serialization not explicitly documented,-6778,7051,-68.05917619977679,626.6230766647254,0.5908406575520834,0,0,474.3566147148946,1000,6881280000,True
batch_017,batch_017:1,1,0,P41_05,True,480x7168,int16,little,data-supported; serialization not explicitly documented,-10203,8673,-68.19188203357515,651.9170399531937,0.5905941917782738,0,0,583.8817408885737,1000,6881280000,True
batch_017,batch_017:2,2,1,no_flaw,True,480x7168,int16,little,data-supported; serialization not explicitly documented,-6778,7051,-68.05917619977679,626.6230766647254,0.5908406575520834,0,0,474.3566147148946,1000,6881280000,True
batch_017,batch_017:4,4,3,P41_03,True,480x7168,int16,little,data-supported; serialization not explicitly documented,-14935,14144,-68.33305809384301,671.3405895142595,0.5907284691220238,0,0,658.0533601654826,1000,6881280000,True
batch_017,batch_017:5,5,4,P41_02,True,480x7168,int16,little,data-supported; serialization not explicitly documented,-6778,7051,-68.07705659412203,629.114576788602,0.590908668154762,0,0,486.0322013476291,1000,6881280000,True
batch_017,batch_017:6,6,5,P41_01,True,480x7168,int16,little,data-supported; serialization not explicitly documented,-6778,7051,-67.99248599097842,628.5783402498794,0.5907563709077381,0,0,483.539420804504,1000,6881280000,True
batch_017,batch_017:16,16,15,P41_06_notch,True,480x7168,int16,little,data-supported; serialization not explicitly documented,-7447,7051,-67.98129127139137,632.1893054323074,0.5908179873511905,0,0,500.12684694361593,1000,6881280000,True
batch_017,batch_017:20,20,19,P41_04,True,480x7168,int16,little,data-supported; serialization not explicitly documented,-13739,11587,-67.96006411597843,644.6848640173864,0.5906584240141369,0,0,554.3559545114654,1000,6881280000,True
batch_017,batch_017:250,250,249,P41_02,False,480x7168,int16,little,data-supported; serialization not explicitly documented,-6778,7051,-68.12337995256696,629.1374438669641,0.5909252348400298,0,0,486.13810637800543,1000,6881280000,True
batch_017,batch_017:500,500,499,P41_01,False,480x7168,int16,little,data-supported; serialization not explicitly documented,-6778,7051,-67.86492367699033,629.6103978099238,0.5906389508928571,0,0,488.3280889629888,1000,6881280000,True
batch_017,batch_017:750,750,749,P41_05,False,480x7168,int16,little,data-supported; serialization not explicitly documented,-10203,8673,-68.2216541108631,651.6102662444308,0.5906717936197917,0,0,582.6530060994068,1000,6881280000,True
batch_017,batch_017:1000,1000,999,P41_05,False,480x7168,int16,little,data-supported; serialization not explicitly documented,-10203,8673,-68.14195295061384,651.5158885999882,0.590664527529762,0,0,582.2749735370786,1000,6881280000,True
batch_018,batch_018:1,1,0,P41_04,True,480x7168,int16,little,data-supported; serialization not explicitly documented,-13739,11587,-67.98939674014137,645.1584761178827,0.5905479794456845,0,0,556.3271542313361,1000,6881280000,True
batch_018,batch_018:2,2,1,P41_06_notch,True,480x7168,int16,little,data-supported; serialization not explicitly documented,-7447,7051,-67.97616751534598,632.3691837972937,0.590777587890625,0,0,500.9412243404802,1000,6881280000,True
batch_018,batch_018:3,3,2,no_flaw,True,480x7168,int16,little,data-supported; serialization not explicitly documented,-6778,7051,-68.05917619977679,626.6230766647254,0.5908406575520834,0,0,474.3566147148946,1000,6881280000,True
batch_018,batch_018:6,6,5,P41_03,True,480x7168,int16,little,data-supported; serialization not explicitly documented,-14935,14144,-68.25939505440849,672.1534549460482,0.5906558082217261,0,0,661.021002567402,1000,6881280000,True
batch_018,batch_018:7,7,6,P41_02,True,480x7168,int16,little,data-supported; serialization not explicitly documented,-6778,7051,-68.07494274321057,629.4103325576251,0.5908883231026786,0,0,487.402635808568,1000,6881280000,True
batch_018,batch_018:9,9,8,P41_01,True,480x7168,int16,little,data-supported; serialization not explicitly documented,-6778,7051,-67.912110828218,629.5657932358014,0.5906941731770833,0,0,488.1219580689132,1000,6881280000,True
batch_018,batch_018:28,28,27,P41_05,True,480x7168,int16,little,data-supported; serialization not explicitly documented,-10203,8673,-68.32913643973214,650.9701219403213,0.5907168433779761,0,0,580.0821647906423,1000,6881280000,True
batch_018,batch_018:250,250,249,no_flaw,False,480x7168,int16,little,data-supported; serialization not explicitly documented,-6778,7051,-68.05917619977679,626.6230766647254,0.5908406575520834,0,0,474.3566147148946,1000,6881280000,True
batch_018,batch_018:500,500,499,P41_05,False,480x7168,int16,little,data-supported; serialization not explicitly documented,-10203,8673,-68.18323829287574,650.896215523252,0.5906962076822917,0,0,579.785662033092,1000,6881280000,True
batch_018,batch_018:750,750,749,no_flaw,False,480x7168,int16,little,data-supported; serialization not explicitly documented,-6778,7051,-68.05917619977679,626.6230766647254,0.5908406575520834,0,0,474.3566147148946,1000,6881280000,True
batch_018,batch_018:1000,1000,999,no_flaw,False,480x7168,int16,little,data-supported; serialization not explicitly documented,-6778,7051,-68.05917619977679,626.6230766647254,0.5908406575520834,0,0,474.3566147148946,1000,6881280000,True
batch_019,batch_019:1,1,0,no_flaw,True,480x7168,int16,little,data-supported; serialization not explicitly documented,-6778,7051,-68.05917619977679,626.6230766647254,0.5908406575520834,0,0,474.3566147148946,1000,6881280000,True
batch_019,batch_019:4,4,3,P41_05,True,480x7168,int16,little,data-supported; serialization not explicitly documented,-10203,8673,-68.17819504510788,651.7984781554921,0.59058837890625,0,0,583.4072120618657,1000,6881280000,True
batch_019,batch_019:8,8,7,P41_04,True,480x7168,int16,little,data-supported; serialization not explicitly documented,-13739,11587,-67.95081758045015,644.6905525987969,0.590626453218006,0,0,554.3796710611117,1000,6881280000,True
batch_019,batch_019:10,10,9,P41_02,True,480x7168,int16,little,data-supported; serialization not explicitly documented,-6778,7051,-67.90562773204985,629.6781617533203,0.5907275971912203,0,0,488.64115622916285,1000,6881280000,True
batch_019,batch_019:13,13,12,P41_01,True,480x7168,int16,little,data-supported; serialization not explicitly documented,-6778,7051,-68.04800182524181,628.8740447432812,0.5909188406808036,0,0,484.9153662904996,1000,6881280000,True
batch_019,batch_019:23,23,22,P41_03,True,480x7168,int16,little,data-supported; serialization not explicitly documented,-14935,14144,-68.2175516764323,671.8253350946453,0.5906915573846726,0,0,659.8246176385976,1000,6881280000,True
batch_019,batch_019:24,24,23,P41_06_notch,True,480x7168,int16,little,data-supported; serialization not explicitly documented,-7447,7051,-68.00163138253349,632.1037815482713,0.590809558686756,0,0,499.739236317434,1000,6881280000,True
batch_019,batch_019:250,250,249,P41_01,False,480x7168,int16,little,data-supported; serialization not explicitly documented,-6778,7051,-68.08946707589286,629.1110745476539,0.5907950265066965,0,0,486.0159129746255,1000,6881280000,True
batch_019,batch_019:500,500,499,no_flaw,False,480x7168,int16,little,data-supported; serialization not explicitly documented,-6778,7051,-68.05917619977679,626.6230766647254,0.5908406575520834,0,0,474.3566147148946,1000,6881280000,True
batch_019,batch_019:750,750,749,no_flaw,False,480x7168,int16,little,data-supported; serialization not explicitly documented,-6778,7051,-68.05917619977679,626.6230766647254,0.5908406575520834,0,0,474.3566147148946,1000,6881280000,True
batch_019,batch_019:1000,1000,999,P41_06_notch,False,480x7168,int16,little,data-supported; serialization not explicitly documented,-7447,7051,-67.93979957217262,632.3187990233134,0.5907793317522322,0,0,500.71325760308326,1000,6881280000,True
