source_label,domain,original_size,n_samples,batches,original_flaw_size_values,flaw_depth_values,n_unique_original_sizes,label_basis,paper_supported_size_mm,candidate_notch_size_mm,mapping_status,paper_reference
P41_01,experimental,2.0,547,batch_013;batch_014;batch_015;batch_016;batch_017;batch_018;batch_019,[2.0],[1681.461469],1,direct metadata flaw_type label; physical identity inferred,2.0,,scanned size inventory consistent with paper; P41 codebook not supplied,https://doi.org/10.1007/s10921-021-00757-x
P41_02,experimental,3.0,543,batch_013;batch_014;batch_015;batch_016;batch_017;batch_018;batch_019,[3.0],[1688.16611],1,direct metadata flaw_type label; physical identity inferred,3.0,,scanned size inventory consistent with paper; P41 codebook not supplied,https://doi.org/10.1007/s10921-021-00757-x
P41_03,experimental,26.0,621,batch_013;batch_014;batch_015;batch_016;batch_017;batch_018;batch_019,[26.0],[1515.968019],1,direct metadata flaw_type label; physical identity inferred,26.0,,scanned size inventory consistent with paper; P41 codebook not supplied,https://doi.org/10.1007/s10921-021-00757-x
P41_04,experimental,6.0,558,batch_013;batch_014;batch_015;batch_016;batch_017;batch_018;batch_019,[6.0],[1627.123555],1,direct metadata flaw_type label; physical identity inferred,6.0,,scanned size inventory consistent with paper; P41 codebook not supplied,https://doi.org/10.1007/s10921-021-00757-x
P41_05,experimental,17.0,574,batch_013;batch_014;batch_015;batch_016;batch_017;batch_018;batch_019,[17.0],[1501.487343],1,direct metadata flaw_type label; physical identity inferred,17.0,,scanned size inventory consistent with paper; P41 codebook not supplied,https://doi.org/10.1007/s10921-021-00757-x
P41_06_notch,experimental,6.0,599,batch_013;batch_014;batch_015;batch_016;batch_017;batch_018;batch_019,[6.0],[1624.037398],1,direct metadata flaw_type label; physical identity inferred,6.0,,scanned size inventory consistent with paper; P41 codebook not supplied,https://doi.org/10.1007/s10921-021-00757-x
sim_raw_0.001,simulated,0.001,837,batch_201;batch_202;batch_203;batch_204;batch_205;batch_206;batch_207;batch_208;batch_209;batch_210,[0.001],"[1550.0, 1551.0, 1552.0, 1553.0, 1554.0, 1555.0, 1556.0, 1557.0, 1558.0, 1559.0, 1560.0, 1561.0, 1562.0, 1563.0, 1564.0, 1565.0, 1566.0, 1567.0, 1568.0, 1569.0, 1570.0, 1571.0, 1572.0, 1573.0, 1574.0, 1575.0, 1576.0, 1577.0, 1578.0, 1579.0, 1580.0, 1581.0, 1582.0, 1583.0, 1584.0, 1585.0, 1586.0, 1587.0, 1588.0, 1589.0, 1590.0, 1591.0, 1592.0, 1593.0, 1594.0, 1595.0, 1596.0, 1597.0, 1598.0, 1599.0, 1600.0, 1601.0, 1602.0, 1603.0, 1604.0, 1605.0, 1606.0, 1607.0, 1608.0, 1609.0, 1610.0, 1611.0, 1612.0, 1613.0, 1614.0, 1615.0, 1616.0, 1617.0, 1618.0, 1619.0, 1620.0, 1621.0, 1622.0, 1623.0, 1624.0, 1625.0, 1626.0, 1627.0, 1628.0, 1629.0, 1630.0, 1631.0, 1632.0, 1633.0, 1634.0, 1635.0, 1636.0, 1637.0, 1638.0, 1639.0, 1640.0, 1641.0, 1642.0, 1643.0, 1644.0, 1645.0, 1646.0, 1647.0, 1648.0, 1649.0, 1650.0]",1,audit-generated group name from raw size; not an encoded source label,,1,unverified ordered mapping; paper confirms six heights but not raw encoding,https://doi.org/10.1007/s10921-021-00757-x
sim_raw_1.001,simulated,1.001,821,batch_201;batch_202;batch_203;batch_204;batch_205;batch_206;batch_207;batch_208;batch_209;batch_210,[1.001],"[1550.0, 1551.0, 1552.0, 1553.0, 1554.0, 1555.0, 1556.0, 1557.0, 1558.0, 1559.0, 1560.0, 1561.0, 1562.0, 1563.0, 1564.0, 1565.0, 1566.0, 1567.0, 1568.0, 1569.0, 1570.0, 1571.0, 1572.0, 1573.0, 1574.0, 1575.0, 1576.0, 1577.0, 1578.0, 1579.0, 1580.0, 1581.0, 1582.0, 1583.0, 1584.0, 1585.0, 1586.0, 1587.0, 1588.0, 1589.0, 1590.0, 1591.0, 1592.0, 1593.0, 1594.0, 1595.0, 1596.0, 1597.0, 1598.0, 1599.0, 1600.0, 1601.0, 1602.0, 1603.0, 1604.0, 1605.0, 1606.0, 1607.0, 1608.0, 1609.0, 1610.0, 1611.0, 1612.0, 1613.0, 1614.0, 1615.0, 1616.0, 1617.0, 1618.0, 1619.0, 1620.0, 1621.0, 1622.0, 1623.0, 1624.0, 1625.0, 1626.0, 1627.0, 1628.0, 1629.0, 1630.0, 1631.0, 1632.0, 1633.0, 1634.0, 1635.0, 1636.0, 1637.0, 1638.0, 1639.0, 1640.0, 1641.0, 1642.0, 1643.0, 1644.0, 1645.0, 1646.0, 1647.0, 1648.0, 1649.0, 1650.0]",1,audit-generated group name from raw size; not an encoded source label,,2,unverified ordered mapping; paper confirms six heights but not raw encoding,https://doi.org/10.1007/s10921-021-00757-x
sim_raw_2.001,simulated,2.001,846,batch_201;batch_202;batch_203;batch_204;batch_205;batch_206;batch_207;batch_208;batch_209;batch_210,[2.001],"[1550.0, 1551.0, 1552.0, 1553.0, 1554.0, 1555.0, 1556.0, 1557.0, 1558.0, 1559.0, 1560.0, 1561.0, 1562.0, 1563.0, 1564.0, 1565.0, 1566.0, 1567.0, 1568.0, 1569.0, 1570.0, 1571.0, 1572.0, 1573.0, 1574.0, 1575.0, 1576.0, 1577.0, 1578.0, 1579.0, 1580.0, 1581.0, 1582.0, 1583.0, 1584.0, 1585.0, 1586.0, 1587.0, 1588.0, 1589.0, 1590.0, 1591.0, 1592.0, 1593.0, 1594.0, 1595.0, 1596.0, 1597.0, 1598.0, 1599.0, 1600.0, 1601.0, 1602.0, 1603.0, 1604.0, 1605.0, 1606.0, 1607.0, 1608.0, 1609.0, 1610.0, 1611.0, 1612.0, 1613.0, 1614.0, 1615.0, 1616.0, 1617.0, 1618.0, 1619.0, 1620.0, 1621.0, 1622.0, 1623.0, 1624.0, 1625.0, 1626.0, 1627.0, 1628.0, 1629.0, 1630.0, 1631.0, 1632.0, 1633.0, 1634.0, 1635.0, 1636.0, 1637.0, 1638.0, 1639.0, 1640.0, 1641.0, 1642.0, 1643.0, 1644.0, 1645.0, 1646.0, 1647.0, 1648.0, 1649.0, 1650.0]",1,audit-generated group name from raw size; not an encoded source label,,3,unverified ordered mapping; paper confirms six heights but not raw encoding,https://doi.org/10.1007/s10921-021-00757-x
sim_raw_3.001,simulated,3.001,859,batch_201;batch_202;batch_203;batch_204;batch_205;batch_206;batch_207;batch_208;batch_209;batch_210,[3.001],"[1550.0, 1551.0, 1552.0, 1553.0, 1554.0, 1555.0, 1556.0, 1557.0, 1558.0, 1559.0, 1560.0, 1561.0, 1562.0, 1563.0, 1564.0, 1565.0, 1566.0, 1567.0, 1568.0, 1569.0, 1570.0, 1571.0, 1572.0, 1573.0, 1574.0, 1575.0, 1576.0, 1577.0, 1578.0, 1579.0, 1580.0, 1581.0, 1582.0, 1583.0, 1584.0, 1585.0, 1586.0, 1587.0, 1588.0, 1589.0, 1590.0, 1591.0, 1592.0, 1593.0, 1594.0, 1595.0, 1596.0, 1597.0, 1598.0, 1599.0, 1600.0, 1601.0, 1602.0, 1603.0, 1604.0, 1605.0, 1606.0, 1607.0, 1608.0, 1609.0, 1610.0, 1611.0, 1612.0, 1613.0, 1614.0, 1615.0, 1616.0, 1617.0, 1618.0, 1619.0, 1620.0, 1621.0, 1622.0, 1623.0, 1624.0, 1625.0, 1626.0, 1627.0, 1628.0, 1629.0, 1630.0, 1631.0, 1632.0, 1633.0, 1634.0, 1635.0, 1636.0, 1637.0, 1638.0, 1639.0, 1640.0, 1641.0, 1642.0, 1643.0, 1644.0, 1645.0, 1646.0, 1647.0, 1648.0, 1649.0, 1650.0]",1,audit-generated group name from raw size; not an encoded source label,,4,unverified ordered mapping; paper confirms six heights but not raw encoding,https://doi.org/10.1007/s10921-021-00757-x
sim_raw_4.001,simulated,4.001,811,batch_201;batch_202;batch_203;batch_204;batch_205;batch_206;batch_207;batch_208;batch_209;batch_210,[4.001],"[1550.0, 1551.0, 1552.0, 1553.0, 1554.0, 1555.0, 1556.0, 1557.0, 1558.0, 1559.0, 1560.0, 1561.0, 1562.0, 1563.0, 1564.0, 1565.0, 1566.0, 1567.0, 1568.0, 1569.0, 1570.0, 1571.0, 1572.0, 1573.0, 1574.0, 1575.0, 1576.0, 1577.0, 1578.0, 1579.0, 1580.0, 1581.0, 1582.0, 1583.0, 1584.0, 1585.0, 1586.0, 1587.0, 1588.0, 1589.0, 1590.0, 1591.0, 1592.0, 1593.0, 1594.0, 1595.0, 1596.0, 1597.0, 1598.0, 1599.0, 1600.0, 1601.0, 1602.0, 1603.0, 1604.0, 1605.0, 1606.0, 1607.0, 1608.0, 1609.0, 1610.0, 1611.0, 1612.0, 1613.0, 1614.0, 1615.0, 1616.0, 1617.0, 1618.0, 1619.0, 1620.0, 1621.0, 1622.0, 1623.0, 1624.0, 1625.0, 1626.0, 1627.0, 1628.0, 1629.0, 1630.0, 1631.0, 1632.0, 1633.0, 1634.0, 1635.0, 1636.0, 1637.0, 1638.0, 1639.0, 1640.0, 1641.0, 1642.0, 1643.0, 1644.0, 1645.0, 1646.0, 1647.0, 1648.0, 1649.0, 1650.0]",1,audit-generated group name from raw size; not an encoded source label,,5,unverified ordered mapping; paper confirms six heights but not raw encoding,https://doi.org/10.1007/s10921-021-00757-x
sim_raw_5.001,simulated,5.001,844,batch_201;batch_202;batch_203;batch_204;batch_205;batch_206;batch_207;batch_208;batch_209;batch_210,[5.001],"[1550.0, 1551.0, 1552.0, 1553.0, 1554.0, 1555.0, 1556.0, 1557.0, 1558.0, 1559.0, 1560.0, 1561.0, 1562.0, 1563.0, 1564.0, 1565.0, 1566.0, 1567.0, 1568.0, 1569.0, 1570.0, 1571.0, 1572.0, 1573.0, 1574.0, 1575.0, 1576.0, 1577.0, 1578.0, 1579.0, 1580.0, 1581.0, 1582.0, 1583.0, 1584.0, 1585.0, 1586.0, 1587.0, 1588.0, 1589.0, 1590.0, 1591.0, 1592.0, 1593.0, 1594.0, 1595.0, 1596.0, 1597.0, 1598.0, 1599.0, 1600.0, 1601.0, 1602.0, 1603.0, 1604.0, 1605.0, 1606.0, 1607.0, 1608.0, 1609.0, 1610.0, 1611.0, 1612.0, 1613.0, 1614.0, 1615.0, 1616.0, 1617.0, 1618.0, 1619.0, 1620.0, 1621.0, 1622.0, 1623.0, 1624.0, 1625.0, 1626.0, 1627.0, 1628.0, 1629.0, 1630.0, 1631.0, 1632.0, 1633.0, 1634.0, 1635.0, 1636.0, 1637.0, 1638.0, 1639.0, 1640.0, 1641.0, 1642.0, 1643.0, 1644.0, 1645.0, 1646.0, 1647.0, 1648.0, 1649.0, 1650.0]",1,audit-generated group name from raw size; not an encoded source label,,6,unverified ordered mapping; paper confirms six heights but not raw encoding,https://doi.org/10.1007/s10921-021-00757-x
