feature,minimum,maximum,mean,std,unique_values,constant,near_constant,dominant_fraction,retained,redundancy_observations
max_envelope,3151.3720230168533,15029.970962031372,6375.247279625237,4246.912490080538,1851,False,False,0.5082857142857143,True,crest_factor: r=0.988671; line_peak_std: r=0.977491; line_peak_mean: r=0.954811
p95_envelope,1317.2184831667666,1571.2041753197198,1367.9467973759558,75.2713581091906,1750,False,False,0.5082857142857143,True,mean_envelope: r=0.996867; rf_rms: r=0.984313; rf_energy: r=0.981713; envelope_energy: r=0.981713; line_peak_mean: r=0.963104
mean_envelope,531.6930820930029,601.130050923883,545.3136743830738,20.869623506118785,1881,False,False,0.5082857142857143,True,p95_envelope: r=0.996867; rf_rms: r=0.993361; rf_energy: r=0.990465; envelope_energy: r=0.990465; line_peak_mean: r=0.974863
rf_rms,474.3204706789344,662.5019686811631,510.25028205848776,57.52547434253447,1881,False,False,0.5082857142857143,True,p95_envelope: r=0.984313; mean_envelope: r=0.993361; rf_energy: r=0.999016; envelope_energy: r=0.999016; line_peak_std: r=0.971632; line_peak_mean: r=0.990458
rf_energy,215980712548.8824,421352504166.1601,253117949317.5358,61558049768.01587,1881,False,False,0.5082857142857143,True,p95_envelope: r=0.981713; mean_envelope: r=0.990465; rf_rms: r=0.999016; envelope_energy: r=1.000000; line_peak_std: r=0.966213; line_peak_mean: r=0.987773
envelope_energy,431961417201.3336,842704982935.4506,506235885478.13983,123116093773.7468,1881,False,False,0.5082857142857143,True,p95_envelope: r=0.981713; mean_envelope: r=0.990465; rf_rms: r=0.999016; rf_energy: r=1.000000; line_peak_std: r=0.966213; line_peak_mean: r=0.987773
crest_factor,6.599715157811398,24.76217914462257,11.716466561935768,6.405280534841482,1881,False,False,0.5082857142857143,True,max_envelope: r=0.988671
strong_peak_count,1.0,38.0,22.476142857142857,17.049692145763398,13,False,False,0.5082857142857143,True,No pair with |r| >= 0.95
spatial_persistence,8.0,88.0,50.63742857142857,38.123591859174255,29,False,False,0.5082857142857143,True,strongest_response_width: r=0.999358
strongest_response_width,6.651265534097263,88.07123331896054,50.22269502252194,38.6473363025964,1881,False,False,0.5082857142857143,True,spatial_persistence: r=0.999358
line_peak_std,481.7636394618936,2139.437712497136,830.7155959971243,538.7789614107539,1881,False,False,0.5082857142857143,True,max_envelope: r=0.977491; rf_rms: r=0.971632; rf_energy: r=0.966213; envelope_energy: r=0.966213; line_peak_mean: r=0.987884
line_peak_mean,2082.934077717397,2709.724001042562,2204.601608387379,184.00912030685973,1881,False,False,0.5082857142857143,True,max_envelope: r=0.954811; p95_envelope: r=0.963104; mean_envelope: r=0.974863; rf_rms: r=0.990458; rf_energy: r=0.987773; envelope_energy: r=0.987773; line_peak_std: r=0.987884
