,max_envelope,p95_envelope,mean_envelope,rf_rms,rf_energy,envelope_energy,crest_factor,strong_peak_count,spatial_persistence,strongest_response_width,line_peak_std,line_peak_mean
max_envelope,1.0,0.8870564727150035,0.9053668192508267,0.9232202175198507,0.9104758435328812,0.9104758414501675,0.9886709947729279,-0.827151359253143,-0.7923040670292549,-0.8022643909692788,0.9774908392933156,0.954810746458287
p95_envelope,0.8870564727150035,1.0,0.9968673849955579,0.9843128725119297,0.9817125106639515,0.9817125054492586,0.8243935610574211,-0.6891100131704214,-0.6873465871950508,-0.7009883117000711,0.927950701274172,0.9631044490729637
mean_envelope,0.9053668192508267,0.9968673849955579,1.0,0.9933613787970147,0.9904653974246282,0.9904653934120562,0.8433016677661224,-0.68602407952163,-0.6697400452453761,-0.6835067515912315,0.9482114404417245,0.9748630359260541
rf_rms,0.9232202175198507,0.9843128725119297,0.9933613787970147,1.0,0.9990164386426643,0.9990164377370516,0.8591352381996593,-0.6680192947042826,-0.6457079497970442,-0.661529065775537,0.9716323395339224,0.9904584971189988
rf_energy,0.9104758435328812,0.9817125106639515,0.9904653974246282,0.9990164386426643,1.0,0.9999999999999996,0.841316347200838,-0.6451698832484664,-0.6239045807158025,-0.6407807115059369,0.9662131534745992,0.9877727639695919
envelope_energy,0.9104758414501675,0.9817125054492586,0.9904653934120562,0.9990164377370516,0.9999999999999996,1.0,0.8413163431968176,-0.645169869684286,-0.6239045668228557,-0.6407806983098241,0.9662131547373037,0.9877727641220374
crest_factor,0.9886709947729279,0.8243935610574211,0.8433016677661224,0.8591352381996593,0.841316347200838,0.8413163431968176,1.0,-0.8762332489654636,-0.8346041187936192,-0.8407250612626174,0.9359981502559679,0.90246523214063
strong_peak_count,-0.827151359253143,-0.6891100131704214,-0.68602407952163,-0.6680192947042826,-0.6451698832484664,-0.645169869684286,-0.8762332489654636,1.0,0.9440222321498387,0.9393612963563758,-0.7131338467040602,-0.7084624488652288
spatial_persistence,-0.7923040670292549,-0.6873465871950508,-0.6697400452453761,-0.6457079497970442,-0.6239045807158025,-0.6239045668228557,-0.8346041187936192,0.9440222321498387,1.0,0.9993579046793715,-0.6773699964434519,-0.6859342698505316
strongest_response_width,-0.8022643909692788,-0.7009883117000711,-0.6835067515912315,-0.661529065775537,-0.6407807115059369,-0.6407806983098241,-0.8407250612626174,0.9393612963563758,0.9993579046793715,1.0,-0.6921624158780328,-0.7016935863643818
line_peak_std,0.9774908392933156,0.927950701274172,0.9482114404417245,0.9716323395339224,0.9662131534745992,0.9662131547373037,0.9359981502559679,-0.7131338467040602,-0.6773699964434519,-0.6921624158780328,1.0,0.9878844311496335
line_peak_mean,0.954810746458287,0.9631044490729637,0.9748630359260541,0.9904584971189988,0.9877727639695919,0.9877727641220374,0.90246523214063,-0.7084624488652288,-0.6859342698505316,-0.7016935863643818,0.9878844311496335,1.0
