scheme,fold,feature,standardized_coefficient,absolute_coefficient,linear_C,selected_model_kernel
ordinary,0,max_envelope,0.11763305597082474,0.11763305597082474,0.01,linear
ordinary,0,p95_envelope,0.20926994003240756,0.20926994003240756,0.01,linear
ordinary,0,mean_envelope,0.14652098271269134,0.14652098271269134,0.01,linear
ordinary,0,rf_rms,0.08333537785093713,0.08333537785093713,0.01,linear
ordinary,0,rf_energy,0.071991382413099,0.071991382413099,0.01,linear
ordinary,0,envelope_energy,0.07199137334763803,0.07199137334763803,0.01,linear
ordinary,0,crest_factor,0.13348607225966425,0.13348607225966425,0.01,linear
ordinary,0,strong_peak_count,-0.22283666270815092,0.22283666270815092,0.01,linear
ordinary,0,spatial_persistence,-0.4915120956660409,0.4915120956660409,0.01,linear
ordinary,0,strongest_response_width,-0.4842458390378781,0.4842458390378781,0.01,linear
ordinary,0,line_peak_std,0.03798541914244334,0.03798541914244334,0.01,linear
ordinary,0,line_peak_mean,0.07465529900951608,0.07465529900951608,0.01,linear
source_holdout,1,max_envelope,0.11684839446705683,0.11684839446705683,0.01,linear
source_holdout,1,p95_envelope,0.06307419738526443,0.06307419738526443,0.01,linear
source_holdout,1,mean_envelope,0.055266009992646005,0.055266009992646005,0.01,linear
source_holdout,1,rf_rms,0.049097801919061296,0.049097801919061296,0.01,linear
source_holdout,1,rf_energy,0.042758130088508074,0.042758130088508074,0.01,linear
source_holdout,1,envelope_energy,0.04275812278026598,0.04275812278026598,0.01,linear
source_holdout,1,crest_factor,0.1495602232789571,0.1495602232789571,0.01,linear
source_holdout,1,strong_peak_count,-0.2698853085779383,0.2698853085779383,0.01,linear
source_holdout,1,spatial_persistence,-0.25543880422085424,0.25543880422085424,0.01,linear
source_holdout,1,strongest_response_width,-0.25022603418594686,0.25022603418594686,0.01,linear
source_holdout,1,line_peak_std,0.0697383409978229,0.0697383409978229,0.01,linear
source_holdout,1,line_peak_mean,0.08160912953114022,0.08160912953114022,0.01,linear
source_holdout,2,max_envelope,0.12255338548511586,0.12255338548511586,0.01,linear
source_holdout,2,p95_envelope,0.2599188943946221,0.2599188943946221,0.01,linear
source_holdout,2,mean_envelope,0.18144720191763203,0.18144720191763203,0.01,linear
source_holdout,2,rf_rms,0.11183761012473453,0.11183761012473453,0.01,linear
source_holdout,2,rf_energy,0.10261751121905914,0.10261751121905914,0.01,linear
source_holdout,2,envelope_energy,0.10261749605439636,0.10261749605439636,0.01,linear
source_holdout,2,crest_factor,0.12732131516822756,0.12732131516822756,0.01,linear
source_holdout,2,strong_peak_count,-0.20850936682254095,0.20850936682254095,0.01,linear
source_holdout,2,spatial_persistence,-0.4357888070308903,0.4357888070308903,0.01,linear
source_holdout,2,strongest_response_width,-0.43317290149222143,0.43317290149222143,0.01,linear
source_holdout,2,line_peak_std,0.04698100135776713,0.04698100135776713,0.01,linear
source_holdout,2,line_peak_mean,0.10435140147612967,0.10435140147612967,0.01,linear
source_holdout,3,max_envelope,0.17048888896266448,0.17048888896266448,0.01,linear
source_holdout,3,p95_envelope,0.2450604835889452,0.2450604835889452,0.01,linear
source_holdout,3,mean_envelope,0.1762500638866492,0.1762500638866492,0.01,linear
source_holdout,3,rf_rms,0.11702226660023762,0.11702226660023762,0.01,linear
source_holdout,3,rf_energy,0.1066408045153354,0.1066408045153354,0.01,linear
source_holdout,3,envelope_energy,0.10664079120611777,0.10664079120611777,0.01,linear
source_holdout,3,crest_factor,0.17701180742664335,0.17701180742664335,0.01,linear
source_holdout,3,strong_peak_count,-0.18811287877836882,0.18811287877836882,0.01,linear
source_holdout,3,spatial_persistence,-0.3905941052981778,0.3905941052981778,0.01,linear
source_holdout,3,strongest_response_width,-0.38996692034807146,0.38996692034807146,0.01,linear
source_holdout,3,line_peak_std,0.06626430525694196,0.06626430525694196,0.01,linear
source_holdout,3,line_peak_mean,0.12362397144530854,0.12362397144530854,0.01,linear
source_holdout,4,max_envelope,0.13490406271396893,0.13490406271396893,0.01,linear
source_holdout,4,p95_envelope,0.2138164711386119,0.2138164711386119,0.01,linear
source_holdout,4,mean_envelope,0.14945491735047642,0.14945491735047642,0.01,linear
source_holdout,4,rf_rms,0.08223089313358788,0.08223089313358788,0.01,linear
source_holdout,4,rf_energy,0.06957910586065287,0.06957910586065287,0.01,linear
source_holdout,4,envelope_energy,0.06957909432863431,0.06957909432863431,0.01,linear
source_holdout,4,crest_factor,0.16531043658122738,0.16531043658122738,0.01,linear
source_holdout,4,strong_peak_count,-0.23860327548495489,0.23860327548495489,0.01,linear
source_holdout,4,spatial_persistence,-0.49518506501854553,0.49518506501854553,0.01,linear
source_holdout,4,strongest_response_width,-0.485130525785275,0.485130525785275,0.01,linear
source_holdout,4,line_peak_std,0.04034533735741201,0.04034533735741201,0.01,linear
source_holdout,4,line_peak_mean,0.08040270750538575,0.08040270750538575,0.01,linear
source_holdout,5,max_envelope,0.1169699264227014,0.1169699264227014,0.01,linear
source_holdout,5,p95_envelope,0.22099568228906544,0.22099568228906544,0.01,linear
source_holdout,5,mean_envelope,0.15292439727882529,0.15292439727882529,0.01,linear
source_holdout,5,rf_rms,0.08331375725887116,0.08331375725887116,0.01,linear
source_holdout,5,rf_energy,0.07115001319690396,0.07115001319690396,0.01,linear
source_holdout,5,envelope_energy,0.07115000157531648,0.07115000157531648,0.01,linear
source_holdout,5,crest_factor,0.13458861445619502,0.13458861445619502,0.01,linear
source_holdout,5,strong_peak_count,-0.2539111942715035,0.2539111942715035,0.01,linear
source_holdout,5,spatial_persistence,-0.5143464752317957,0.5143464752317957,0.01,linear
source_holdout,5,strongest_response_width,-0.5020889182147392,0.5020889182147392,0.01,linear
source_holdout,5,line_peak_std,0.03735828883510226,0.03735828883510226,0.01,linear
source_holdout,5,line_peak_mean,0.07873586931169115,0.07873586931169115,0.01,linear
source_holdout,6,max_envelope,0.09423399930371802,0.09423399930371802,0.01,rbf
source_holdout,6,p95_envelope,0.02896749253526043,0.02896749253526043,0.01,rbf
source_holdout,6,mean_envelope,0.0311459490565219,0.0311459490565219,0.01,rbf
source_holdout,6,rf_rms,0.026336091594052476,0.026336091594052476,0.01,rbf
source_holdout,6,rf_energy,0.022675035959345707,0.022675035959345707,0.01,rbf
source_holdout,6,envelope_energy,0.022675032530074465,0.022675032530074465,0.01,rbf
source_holdout,6,crest_factor,0.12412859414887055,0.12412859414887055,0.01,rbf
source_holdout,6,strong_peak_count,-0.2918597261896684,0.2918597261896684,0.01,rbf
source_holdout,6,spatial_persistence,-0.29165340104598475,0.29165340104598475,0.01,rbf
source_holdout,6,strongest_response_width,-0.2866474659450963,0.2866474659450963,0.01,rbf
source_holdout,6,line_peak_std,0.03583263783058985,0.03583263783058985,0.01,rbf
source_holdout,6,line_peak_mean,0.03723972294922867,0.03723972294922867,0.01,rbf
