feature_a,feature_b,pearson_r
max_envelope,crest_factor,0.9886709947729279
max_envelope,line_peak_std,0.9774908392933156
max_envelope,line_peak_mean,0.954810746458287
p95_envelope,mean_envelope,0.9968673849955579
p95_envelope,rf_rms,0.9843128725119297
p95_envelope,rf_energy,0.9817125106639515
p95_envelope,envelope_energy,0.9817125054492586
p95_envelope,line_peak_mean,0.9631044490729637
mean_envelope,rf_rms,0.9933613787970147
mean_envelope,rf_energy,0.9904653974246282
mean_envelope,envelope_energy,0.9904653934120562
mean_envelope,line_peak_mean,0.9748630359260541
rf_rms,rf_energy,0.9990164386426643
rf_rms,envelope_energy,0.9990164377370516
rf_rms,line_peak_std,0.9716323395339224
rf_rms,line_peak_mean,0.9904584971189988
rf_energy,envelope_energy,0.9999999999999996
rf_energy,line_peak_std,0.9662131534745992
rf_energy,line_peak_mean,0.9877727639695919
envelope_energy,line_peak_std,0.9662131547373037
envelope_energy,line_peak_mean,0.9877727641220374
spatial_persistence,strongest_response_width,0.9993579046793715
line_peak_std,line_peak_mean,0.9878844311496335
