scheme,fold,feature,standardized_coefficient,absolute_coefficient,linear_C,selected_model_kernel,absolute_weight_rank
ordinary,0,max_envelope,0.1176330559708247,0.1176330559708247,0.01,linear,7
ordinary,0,p95_envelope,0.2092699400324075,0.2092699400324075,0.01,linear,4
ordinary,0,mean_envelope,0.1465209827126913,0.1465209827126913,0.01,linear,5
ordinary,0,rf_rms,0.0833353778509371,0.0833353778509371,0.01,linear,8
ordinary,0,rf_energy,0.071991382413099,0.071991382413099,0.01,linear,10
ordinary,0,envelope_energy,0.071991373347638,0.071991373347638,0.01,linear,11
ordinary,0,crest_factor,0.1334860722596642,0.1334860722596642,0.01,linear,6
ordinary,0,strong_peak_count,-0.2228366627081509,0.2228366627081509,0.01,linear,3
ordinary,0,spatial_persistence,-0.4915120956660409,0.4915120956660409,0.01,linear,1
ordinary,0,strongest_response_width,-0.4842458390378781,0.4842458390378781,0.01,linear,2
ordinary,0,line_peak_std,0.0379854191424433,0.0379854191424433,0.01,linear,12
ordinary,0,line_peak_mean,0.074655299009516,0.074655299009516,0.01,linear,9
source_holdout,1,max_envelope,0.1168483944670568,0.1168483944670568,0.01,linear,5
source_holdout,1,p95_envelope,0.0630741973852644,0.0630741973852644,0.01,linear,8
source_holdout,1,mean_envelope,0.055266009992646,0.055266009992646,0.01,linear,9
source_holdout,1,rf_rms,0.0490978019190612,0.0490978019190612,0.01,linear,10
source_holdout,1,rf_energy,0.042758130088508,0.042758130088508,0.01,linear,11
source_holdout,1,envelope_energy,0.0427581227802659,0.0427581227802659,0.01,linear,12
source_holdout,1,crest_factor,0.1495602232789571,0.1495602232789571,0.01,linear,4
source_holdout,1,strong_peak_count,-0.2698853085779383,0.2698853085779383,0.01,linear,1
source_holdout,1,spatial_persistence,-0.2554388042208542,0.2554388042208542,0.01,linear,2
source_holdout,1,strongest_response_width,-0.2502260341859468,0.2502260341859468,0.01,linear,3
source_holdout,1,line_peak_std,0.0697383409978229,0.0697383409978229,0.01,linear,7
source_holdout,1,line_peak_mean,0.0816091295311402,0.0816091295311402,0.01,linear,6
source_holdout,2,max_envelope,0.1225533854851158,0.1225533854851158,0.01,linear,7
source_holdout,2,p95_envelope,0.2599188943946221,0.2599188943946221,0.01,linear,3
source_holdout,2,mean_envelope,0.181447201917632,0.181447201917632,0.01,linear,5
source_holdout,2,rf_rms,0.1118376101247345,0.1118376101247345,0.01,linear,8
source_holdout,2,rf_energy,0.1026175112190591,0.1026175112190591,0.01,linear,10
source_holdout,2,envelope_energy,0.1026174960543963,0.1026174960543963,0.01,linear,11
source_holdout,2,crest_factor,0.1273213151682275,0.1273213151682275,0.01,linear,6
source_holdout,2,strong_peak_count,-0.2085093668225409,0.2085093668225409,0.01,linear,4
source_holdout,2,spatial_persistence,-0.4357888070308903,0.4357888070308903,0.01,linear,1
source_holdout,2,strongest_response_width,-0.4331729014922214,0.4331729014922214,0.01,linear,2
source_holdout,2,line_peak_std,0.0469810013577671,0.0469810013577671,0.01,linear,12
source_holdout,2,line_peak_mean,0.1043514014761296,0.1043514014761296,0.01,linear,9
source_holdout,3,max_envelope,0.1704888889626644,0.1704888889626644,0.01,linear,7
source_holdout,3,p95_envelope,0.2450604835889452,0.2450604835889452,0.01,linear,3
source_holdout,3,mean_envelope,0.1762500638866492,0.1762500638866492,0.01,linear,6
source_holdout,3,rf_rms,0.1170222666002376,0.1170222666002376,0.01,linear,9
source_holdout,3,rf_energy,0.1066408045153354,0.1066408045153354,0.01,linear,10
source_holdout,3,envelope_energy,0.1066407912061177,0.1066407912061177,0.01,linear,11
source_holdout,3,crest_factor,0.1770118074266433,0.1770118074266433,0.01,linear,5
source_holdout,3,strong_peak_count,-0.1881128787783688,0.1881128787783688,0.01,linear,4
source_holdout,3,spatial_persistence,-0.3905941052981778,0.3905941052981778,0.01,linear,1
source_holdout,3,strongest_response_width,-0.3899669203480714,0.3899669203480714,0.01,linear,2
source_holdout,3,line_peak_std,0.0662643052569419,0.0662643052569419,0.01,linear,12
source_holdout,3,line_peak_mean,0.1236239714453085,0.1236239714453085,0.01,linear,8
source_holdout,4,max_envelope,0.1349040627139689,0.1349040627139689,0.01,linear,7
source_holdout,4,p95_envelope,0.2138164711386119,0.2138164711386119,0.01,linear,4
source_holdout,4,mean_envelope,0.1494549173504764,0.1494549173504764,0.01,linear,6
source_holdout,4,rf_rms,0.0822308931335878,0.0822308931335878,0.01,linear,8
source_holdout,4,rf_energy,0.0695791058606528,0.0695791058606528,0.01,linear,10
source_holdout,4,envelope_energy,0.0695790943286343,0.0695790943286343,0.01,linear,11
source_holdout,4,crest_factor,0.1653104365812273,0.1653104365812273,0.01,linear,5
source_holdout,4,strong_peak_count,-0.2386032754849548,0.2386032754849548,0.01,linear,3
source_holdout,4,spatial_persistence,-0.4951850650185455,0.4951850650185455,0.01,linear,1
source_holdout,4,strongest_response_width,-0.485130525785275,0.485130525785275,0.01,linear,2
source_holdout,4,line_peak_std,0.040345337357412,0.040345337357412,0.01,linear,12
source_holdout,4,line_peak_mean,0.0804027075053857,0.0804027075053857,0.01,linear,9
source_holdout,5,max_envelope,0.1169699264227014,0.1169699264227014,0.01,linear,7
source_holdout,5,p95_envelope,0.2209956822890654,0.2209956822890654,0.01,linear,4
source_holdout,5,mean_envelope,0.1529243972788252,0.1529243972788252,0.01,linear,5
source_holdout,5,rf_rms,0.0833137572588711,0.0833137572588711,0.01,linear,8
source_holdout,5,rf_energy,0.0711500131969039,0.0711500131969039,0.01,linear,10
source_holdout,5,envelope_energy,0.0711500015753164,0.0711500015753164,0.01,linear,11
source_holdout,5,crest_factor,0.134588614456195,0.134588614456195,0.01,linear,6
source_holdout,5,strong_peak_count,-0.2539111942715035,0.2539111942715035,0.01,linear,3
source_holdout,5,spatial_persistence,-0.5143464752317957,0.5143464752317957,0.01,linear,1
source_holdout,5,strongest_response_width,-0.5020889182147392,0.5020889182147392,0.01,linear,2
source_holdout,5,line_peak_std,0.0373582888351022,0.0373582888351022,0.01,linear,12
source_holdout,5,line_peak_mean,0.0787358693116911,0.0787358693116911,0.01,linear,9
