batch,interpretation,adjacent_sample_mean_abs_difference
batch_013,<i2,31.66855669503744
batch_013,>i2,11866.273719245617
batch_013,<u2,1916.229393400307
batch_014,<i2,31.520782754290497
batch_014,>i2,11847.818202060369
batch_014,<u2,1915.3088949351193
batch_015,<i2,31.520782754290497
batch_015,>i2,11847.818202060369
batch_015,<u2,1915.3088949351193
batch_016,<i2,31.520782754290497
batch_016,>i2,11847.818202060369
batch_016,<u2,1915.3088949351193
batch_017,<i2,32.25904376540626
batch_017,>i2,11907.643064857448
batch_017,<u2,1916.7896638528441
batch_018,<i2,31.919917678247522
batch_018,>i2,11874.008185665783
batch_018,<u2,1915.0871349007023
batch_019,<i2,31.520782754290497
batch_019,>i2,11847.818202060369
batch_019,<u2,1915.3088949351193
